,Country,1980,1981,1982,1983,1984,1985,1986,1987,1988,1989,1990,1991,1992,1993,1994,1995,1996,1997,1998,1999,2000,2001,2002,2003,2004,2005,2006,2007,2008,2009,2010,2011,2012,2013,2014,2015,2016,2017,2018,2019,2020,2021,2022
1,Afghanistan,10,20,30,30,70,100,110,90,100,60,150,460,410,400,200,220,200,150,250,270,100,20,40,70,80,110,180,140,560,2310,2210,1790,2690,4560,3100,2950,3200,3510,3300,3340,1680,8670,6860
2,Albania,0,0,0,0,0,0,0,0,0,0,10,80,40,30,30,100,90,80,80,70,110,110,200,250,140,130,110,110,140,180,120,170,220,310,280,230,240,250,220,200,30,120,240
3,Algeria,10,50,30,10,20,20,10,10,20,20,20,30,20,20,20,20,20,20,10,30,20,30,60,20,20,50,30,30,60,70,80,80,110,90,70,90,80,100,100,100,30,40,110
4,Andorra,0,0,10,0,0,0,10,0,0,0,0,0,0,0,10,0,0,0,0,10,0,10,10,0,10,10,0,10,10,0,0,0,10,0,0,10,10,10,10,0,0,0,10
5,Angola,0,0,0,10,0,0,0,0,0,0,0,0,0,0,0,0,0,0,10,10,10,10,10,20,10,10,20,30,20,20,20,20,20,20,20,20,20,20,10,20,10,0,30
6,Anguilla,0,0,0,0,0,0,0,0,0,0,0,0,0,0,0,0,0,0,0,0,0,0,0,0,0,0,0,0,0,0,0,0,0,0,0,0,0,0,0,0,0,0,0
7,Antigua and Barbuda,0,0,0,0,0,0,0,0,0,0,0,0,0,0,0,0,0,10,0,10,10,0,10,10,10,10,10,0,0,0,0,0,0,10,10,0,0,0,0,0,0,0,0
8,Argentina,570,640,850,520,400,540,650,630,630,660,740,730,520,290,310,370,350,290,340,350,380,430,500,580,560,450,430,460,490,510,400,510,820,760,800,990,1180,1490,2460,3440,260,2260,6670
9,Armenia,0,0,0,0,0,0,0,0,0,0,0,0,10,20,30,60,50,30,30,30,20,20,40,30,30,40,20,40,60,40,30,50,50,70,50,50,50,50,40,50,20,70,70
10,Aruba,0,0,0,0,0,0,0,0,0,0,0,0,0,0,0,0,0,0,0,10,0,0,0,0,0,0,0,0,0,0,0,0,0,0,10,0,0,0,0,0,0,0,0
12,Austria,4100,3510,5120,1670,1040,970,1230,1480,1480,1050,770,510,600,570,790,660,600,640,590,600,700,1050,1070,1050,800,650,790,570,600,410,410,410,340,280,330,270,300,270,280,280,110,180,300
13,Azerbaijan,0,0,0,0,0,0,0,0,0,0,0,0,0,0,10,10,0,0,20,10,20,20,20,30,20,40,30,50,30,40,50,50,50,70,70,50,50,60,50,30,10,50,80
14,Bahamas,10,20,0,20,20,20,20,40,40,0,10,0,10,0,20,0,10,10,10,10,10,20,20,20,20,20,30,20,20,10,10,20,10,10,10,10,10,10,10,10,0,10,10
15,Bahrain,70,100,80,160,160,140,150,130,230,140,150,70,120,150,160,210,180,160,130,160,160,210,250,250,380,460,490,240,220,130,180,110,130,120,120,120,150,120,150,130,70,110,150
16,Bangladesh,170,180,220,140,170,220,190,150,270,270,400,600,690,360,690,1050,900,520,600,900,1180,1480,1810,2870,2970,1860,2570,3680,3160,3440,2940,3000,3210,3390,3740,3780,3880,3950,3740,3900,820,4180,7290
17,Barbados,0,0,0,10,10,20,10,20,20,20,10,10,20,10,10,0,10,10,10,10,10,10,30,10,10,20,10,10,10,20,10,20,20,10,20,20,10,10,10,20,10,10,10
18,Belarus,0,0,0,0,0,0,0,0,0,0,0,0,10,10,40,40,30,40,30,30,20,30,40,50,40,70,50,60,60,70,100,110,120,130,120,110,100,110,100,120,40,120,160
19,Belgium,230,270,400,280,260,270,290,310,370,290,270,250,300,350,400,350,360,350,330,390,440,480,450,480,410,410,480,530,560,540,600,660,690,610,670,700,710,810,740,840,110,380,690
20,Belize,0,0,0,0,0,0,0,0,0,0,0,0,0,0,0,10,10,0,0,0,0,0,0,10,0,0,10,0,0,10,10,0,10,0,0,0,0,10,0,0,0,0,0
21,Benin,0,0,0,0,0,0,0,0,0,0,0,0,10,0,0,0,0,0,0,0,0,10,10,10,10,0,0,90,210,10,10,10,0,10,10,0,10,10,10,10,0,0,10
22,Bermuda,20,20,30,30,20,20,20,30,30,30,40,20,10,30,20,40,30,20,20,20,20,40,40,40,40,20,50,30,50,20,20,30,20,30,20,10,10,20,10,30,10,20,20
23,Bhutan,0,0,10,10,0,10,0,0,0,10,10,10,10,10,10,20,20,20,20,30,40,30,50,40,80,70,90,100,150,800,1050,880,830,1460,850,880,1300,1810,2210,2260,20,1860,13270
24,Bolivia,20,30,20,30,30,30,30,30,50,30,30,20,40,30,20,40,50,50,40,50,30,30,40,40,40,40,50,50,50,50,60,70,70,40,30,40,50,50,70,80,20,50,140
25,Bosnia and Herzegovina,0,0,0,0,0,0,0,0,0,0,0,0,0,0,1520,2470,2140,1120,1600,700,560,370,310,240,240,240,250,300,320,390,350,380,340,390,380,350,330,310,260,270,130,200,240
26,Botswana,20,40,40,80,40,50,60,80,60,80,80,80,100,130,170,240,200,210,340,230,420,420,450,590,390,260,200,230,260,130,120,100,130,80,80,90,110,110,110,100,30,80,170
27,Brazil,270,220,290,230,310,320,320,250,420,350,280,300,370,300,320,360,350,330,420,490,540,680,700,810,1430,2050,2910,3370,4010,2940,2650,3050,3250,5450,5810,8010,10170,9260,8180,6170,510,4930,13530
28,Brunei,80,100,140,150,170,200,280,600,1180,590,610,630,570,500,540,580,620,650,680,600,680,770,800,880,800,630,750,630,820,260,220,200,190,160,190,240,250,180,200,160,50,230,230
29,Bulgaria,20,20,30,20,20,20,40,20,20,40,40,140,320,140,120,130,120,120,130,120,150,160,140,110,160,110,130,130,130,160,150,180,230,240,210,250,200,220,170,170,50,80,140
30,Burkina Faso,0,0,0,0,0,0,0,0,0,0,0,0,0,0,0,0,0,0,0,0,0,0,0,0,0,10,0,10,0,10,0,10,0,0,10,0,0,0,0,10,0,0,10
31,Burundi,0,0,0,0,0,0,0,0,0,0,0,0,0,0,0,0,0,0,0,0,0,0,0,0,0,0,10,20,10,140,80,90,80,110,150,120,100,200,330,220,30,90,120
32,Cabo Verde,0,0,0,0,0,0,0,0,0,0,0,10,0,0,0,0,0,0,0,0,0,0,0,0,0,0,0,0,0,0,0,10,10,0,0,0,0,0,0,10,0,0,10
33,Cambodia,0,0,10,10,0,0,0,0,30,20,20,60,220,480,1140,870,510,710,480,420,470,660,800,830,720,620,880,970,980,1430,1220,1340,1250,1480,1450,1650,1640,2040,1980,1810,410,1990,2250
34,Cameroon,10,10,0,0,0,0,0,0,0,0,0,0,0,0,0,0,0,0,0,0,10,10,0,10,20,10,30,70,100,60,70,40,50,50,60,60,50,60,50,60,20,50,70
35,Canada,2920,3770,3830,3170,3030,3390,3440,3480,3780,4220,4420,4380,3970,3820,4400,4920,5140,5280,5170,5380,5710,6050,6240,6430,6350,6520,6700,7020,7930,4810,5200,5580,5290,4600,4490,4550,4550,4460,4460,3930,1400,3020,4000
36,Cayman Islands,0,0,0,0,0,0,0,0,0,0,0,0,0,0,10,10,10,10,10,10,10,10,20,30,30,20,10,60,40,10,10,10,20,10,10,20,10,10,10,10,0,10,10
37,Central African Republic,0,0,0,0,0,0,0,0,0,0,0,0,0,0,0,0,0,0,0,0,0,0,0,0,0,0,0,0,0,0,0,0,0,10,0,0,0,0,60,80,0,0,20
38,Chad,0,0,0,10,0,0,0,0,0,0,0,10,0,0,0,10,0,0,10,0,0,0,10,10,10,10,0,0,0,10,10,10,10,0,10,0,0,0,20,30,0,0,10
39,Chile,590,430,490,750,1350,1980,2000,2180,2130,1090,810,860,590,490,550,690,730,520,610,520,470,510,560,590,610,720,800,980,1020,910,1000,1120,1040,1010,1280,1670,1900,2290,2530,2770,200,1750,5050
40,China,860,870,560,580,1220,2190,1820,2070,2810,4220,3430,8400,6880,4610,4400,8550,12450,8460,10310,13070,16700,22220,29000,33410,29860,28820,32190,42920,54300,49020,41210,40150,46560,53130,62280,70190,77760,82320,71810,60150,9260,44300,89040
41,Colombia,90,90,110,80,80,70,130,140,140,180,140,130,170,120,190,230,210,140,170,220,350,490,610,650,490,680,1160,1990,2350,2080,1680,2260,2540,2570,2910,3890,4980,5350,6910,6630,240,2790,23460
42,Comoros,0,0,0,0,0,0,0,0,0,0,0,0,0,0,0,0,0,0,0,0,0,0,0,0,0,0,0,0,0,0,0,0,0,0,0,0,0,0,0,0,0,0,0
43,Congo,0,0,0,0,0,0,0,0,0,0,0,0,0,0,0,0,0,0,0,0,0,0,10,10,10,10,90,100,70,620,450,500,300,570,460,650,360,650,1500,710,50,220,240
44,Cook Islands,40,60,40,30,60,70,110,110,80,90,80,90,70,70,100,150,280,250,180,120,110,110,70,80,180,150,160,160,170,400,500,600,600,480,390,410,320,250,320,280,140,170,340
45,Costa Rica,20,20,20,30,380,140,90,100,40,30,20,30,20,20,20,30,30,20,10,10,10,30,30,30,20,40,50,30,50,30,40,40,40,60,40,50,40,60,60,50,10,50,60
46,Cote d'Ivoire,0,0,10,10,10,0,0,10,20,10,0,10,0,10,0,10,0,10,10,10,10,0,10,0,10,10,0,0,0,100,40,50,30,40,40,20,50,20,30,40,10,20,30
47,Croatia,0,0,0,0,0,0,0,0,0,0,0,0,210,630,1200,1380,1100,910,1120,840,950,830,580,510,360,590,400,270,340,410,430,420,470,440,400,370,390,260,290,330,160,180,230
48,Cuba,50,0,10,10,10,0,10,0,10,0,0,10,0,0,0,10,10,10,20,10,30,10,30,10,40,30,30,30,40,50,40,70,90,40,50,50,60,60,60,70,10,40,80
49,Cyprus,390,540,420,390,470,460,660,740,720,530,450,310,280,380,480,480,580,450,370,410,270,360,350,330,200,200,310,220,200,160,180,210,260,260,210,170,190,120,130,150,60,90,140
50,Czech Republic,0,0,0,0,0,0,0,0,0,0,0,0,0,0,30,120,250,240,210,220,200,270,280,440,360,330,400,380,370,650,610,610,710,680,680,640,600,500,480,460,120,200,450
51,Democratic Republic of the Congo,0,10,10,0,10,0,0,10,20,20,20,10,10,30,20,20,20,20,0,0,0,0,0,0,0,0,0,10,20,120,100,190,40,30,30,50,80,50,50,60,30,50,50
52,Denmark,620,890,950,500,360,390,550,750,860,720,660,610,570,570,630,650,630,680,580,610,700,850,790,750,650,630,620,600,630,560,590,580,560,440,490,510,470,430,410,420,130,260,490
53,Djibouti,0,0,0,0,0,0,10,20,10,0,10,0,10,10,10,20,0,0,10,20,10,20,30,20,20,10,10,20,0,10,20,20,10,10,10,10,10,10,0,10,10,0,10
54,Dominica,0,0,0,0,0,0,0,0,0,0,0,0,0,10,0,10,0,0,0,10,10,10,10,20,0,0,0,10,10,0,10,0,0,0,0,0,0,0,0,0,0,0,0
55,Dominican Republic,0,0,10,0,10,0,0,0,0,0,0,0,10,0,0,0,0,0,0,0,0,0,0,0,0,10,20,0,20,20,30,30,30,30,30,20,30,30,30,30,20,30,60
56,Ecuador,50,60,50,50,40,50,50,70,70,60,70,70,60,40,80,80,80,60,60,60,70,70,80,90,90,70,70,100,120,120,120,130,260,480,300,150,190,190,200,270,40,170,1220
57,Egypt,330,400,390,400,650,800,1030,1270,1510,1170,850,1170,1280,930,880,880,830,750,780,860,1090,1380,1840,2890,4070,3800,2960,2000,1520,1270,1180,1360,1950,1520,1360,1510,1540,1540,1540,1480,600,1260,1780
58,El Salvador,0,0,10,110,270,790,390,660,960,1990,1350,1540,560,240,230,270,220,150,130,50,70,50,60,70,50,50,40,40,100,170,140,110,100,110,100,120,110,120,130,140,50,80,160
59,Equatorial Guinea,0,0,0,0,0,10,0,0,0,0,0,0,0,0,0,0,0,0,0,0,0,0,0,0,0,0,0,0,0,0,0,0,0,0,0,0,0,0,0,0,0,0,0
60,Eritrea,0,0,0,0,0,0,0,0,0,0,0,0,0,0,60,50,60,50,40,20,20,20,20,20,20,30,20,70,30,270,200,330,180,310,430,440,350,410,340,500,40,170,310
61,Estonia,0,0,0,0,0,0,0,0,0,0,0,0,20,10,0,10,20,20,10,20,20,40,30,40,30,50,80,120,270,650,730,840,1080,970,810,730,780,780,690,570,40,230,680
62,Ethiopia,20,10,10,10,20,30,20,30,40,40,50,0,0,0,220,240,190,230,290,270,260,230,300,300,270,280,430,520,690,880,780,1000,640,920,960,910,970,760,760,830,270,630,740
63,Falkland Islands,0,10,0,0,0,0,0,0,0,0,0,0,0,0,0,0,0,0,10,10,10,10,10,10,10,0,10,0,10,0,0,0,0,10,0,0,0,0,0,0,0,0,10
64,Fiji,1260,1700,1640,1440,1530,1830,2190,3920,3970,3500,3400,3540,3120,2460,2440,2900,2810,2290,2240,2580,2790,3040,2500,2710,2860,2890,4120,2820,3510,2740,2560,2600,2560,2440,2160,2150,2370,2390,3160,3090,1350,4180,8550
65,Finland,290,250,190,200,160,220,250,190,260,340,330,340,270,260,290,300,310,300,280,300,300,330,300,350,310,350,350,390,410,420,440,450,440,470,540,470,510,450,410,370,90,190,310
66,France,1400,1730,1700,1650,1480,1590,1650,1630,1760,1510,1650,1760,1630,1760,1940,2220,2060,1910,2020,2480,2570,2770,2790,2750,2950,3210,3620,4330,4910,5100,5660,5630,5930,5920,6170,5870,5810,5920,6110,6580,930,2800,6630
67,Guiana,0,0,0,0,0,0,0,0,0,0,0,0,10,0,0,0,0,0,0,0,0,0,0,0,0,0,0,0,0,10,0,0,10,10,0,10,10,10,10,0,0,0,0
68,French Polynesia,40,30,50,60,60,40,50,50,70,50,80,60,60,60,50,60,50,60,80,60,70,80,60,60,80,100,140,120,130,60,60,60,70,40,40,50,50,50,50,40,0,30,50
69,Gabon,0,0,0,0,0,0,0,0,10,0,0,0,0,0,0,0,0,0,10,0,0,0,0,0,0,0,10,0,10,0,0,10,10,0,10,10,10,0,10,0,0,0,10
70,Gambia,10,0,0,0,0,10,10,10,0,0,10,10,10,10,0,10,0,0,0,0,0,10,20,0,10,10,20,20,20,10,10,10,20,10,20,10,0,10,10,10,0,10,10
71,Georgia,0,0,0,0,0,0,0,0,0,0,0,0,0,0,10,10,30,20,10,10,20,20,10,10,20,0,20,30,20,40,30,50,70,50,40,50,50,50,60,40,40,60,70
72,Germany,3300,4620,7140,5160,2800,2700,2980,3410,3370,3010,2950,2890,2820,2920,3390,3820,3640,3520,4180,4390,4650,5180,5170,5390,4870,4980,5240,6110,6710,5530,5590,5190,4850,4600,5060,5610,6270,4550,4360,4730,1010,2400,4220
73,Ghana,60,100,110,40,40,50,60,40,50,60,90,100,140,110,150,160,160,160,190,170,110,130,130,170,370,650,690,670,510,370,330,430,440,420,440,500,540,500,460,400,130,530,990
74,Gibraltar,0,0,0,0,0,0,0,10,0,0,10,0,0,0,10,0,10,0,0,0,10,10,0,10,0,10,0,10,0,10,10,20,10,10,10,10,0,20,10,10,0,10,10
75,Greece,4280,5040,3560,3210,4060,4300,4570,5020,4390,3490,3150,2720,2840,3120,3270,3710,3140,3110,2680,2780,2170,2010,2300,1880,1300,1380,1260,1190,1130,800,1140,2370,2700,1980,1340,1350,1160,940,700,850,230,430,640
76,Greenland,0,0,0,0,0,0,0,0,0,0,0,0,0,0,0,0,0,0,0,0,0,0,0,0,0,0,0,0,0,0,0,0,0,0,0,0,0,10,0,0,0,0,0
77,Grenada,0,0,0,0,0,0,0,0,0,0,0,0,0,10,0,0,0,0,0,0,0,0,10,0,0,0,0,10,0,0,10,10,10,10,10,10,0,10,0,0,0,0,0
78,Guadeloupe,0,0,0,0,0,0,0,0,0,0,0,0,0,0,0,0,0,0,0,0,0,0,0,0,0,0,0,0,0,0,10,10,10,10,10,10,10,10,10,10,0,0,0
79,Guam,10,20,0,0,10,10,10,10,0,10,20,20,40,60,30,60,30,20,30,10,20,40,50,30,40,50,40,70,50,10,10,10,10,10,0,10,0,10,10,10,0,10,10
80,Guatemala,20,0,20,10,0,10,20,20,20,20,70,70,30,20,30,30,20,20,20,10,20,20,30,20,10,20,20,10,30,20,30,30,30,50,40,40,30,40,70,50,30,70,130
81,Guinea,0,0,0,0,0,0,0,0,0,0,0,0,0,0,0,0,0,0,0,0,70,260,180,310,430,1250,950,880,1010,170,70,70,40,60,50,30,100,40,40,20,20,70,30
82,Guinea-Bissau,0,0,0,0,0,0,20,0,0,0,0,0,0,0,0,0,0,0,0,0,0,0,0,0,0,0,0,0,0,0,0,0,0,0,0,0,0,0,0,0,0,0,0
83,Guyana,10,10,20,0,10,10,10,20,20,0,10,10,0,0,10,0,10,10,10,10,0,10,10,10,10,10,10,0,10,20,30,30,30,20,20,20,20,10,20,10,0,10,10
84,Haiti,0,0,0,0,10,10,0,0,0,0,0,0,0,0,0,0,0,0,0,0,0,0,0,0,0,0,0,0,0,10,10,10,10,20,10,10,10,20,10,10,0,10,20
85,Holy See,0,0,0,0,0,0,0,0,0,0,0,0,0,0,0,0,0,0,0,0,0,0,0,0,0,0,0,0,0,0,0,0,0,0,0,0,0,0,0,0,0,0,0
86,Honduras,0,10,30,0,0,10,20,10,10,10,30,10,10,0,0,20,20,0,10,0,10,10,10,20,10,10,10,10,20,10,10,20,20,50,20,10,20,20,30,50,30,30,70
87,Hong Kong,4170,4380,4980,5480,7450,6820,7200,8840,12960,15200,20450,25790,22130,15960,15880,17940,18550,17450,16520,15250,16410,18620,20200,19220,9740,10070,10270,9680,11030,5420,5340,4990,6120,6540,6330,6070,5800,5030,5540,6120,2890,10050,9420
88,Hungary,100,100,90,90,100,130,160,230,270,220,260,310,400,270,300,360,400,320,250,300,330,450,430,430,350,390,380,480,520,530,440,600,690,500,470,540,470,370,350,340,100,240,380
89,Iceland,50,40,50,50,30,30,40,40,10,20,40,40,40,40,20,30,30,20,10,30,20,20,30,30,30,50,30,40,50,30,40,20,30,30,30,30,40,30,30,40,10,20,30
90,India,1220,1560,1870,2090,2300,2510,2390,2900,2990,2980,3930,6080,5450,3350,4570,6420,5780,6410,7810,8370,10390,9380,9240,15080,18310,19920,27880,41920,58400,36610,23760,30390,35280,45520,49810,52020,60310,67440,86350,78830,11190,64380,106960
91,Indonesia,5990,4400,3780,4330,4070,3880,4120,3830,3690,4200,4330,4720,5660,6700,7440,9120,10580,12210,11730,13340,13640,15390,13650,13840,8970,7960,8350,8370,9960,7780,7150,6900,6770,6880,7350,7330,8310,7820,8720,8670,1520,7870,15350
92,Iraq,140,200,130,90,110,70,70,70,90,70,80,110,930,490,950,1410,930,950,840,400,250,50,140,50,240,300,520,650,1300,3360,3690,2730,4390,5510,4640,4070,10430,4480,6860,6990,590,4280,3650
93,Ireland,950,1470,1500,1220,740,1500,2340,3160,4210,4190,2050,1480,1260,1320,1850,2370,2520,3090,3440,4470,5050,5500,5490,6040,4560,4410,4630,6130,8930,7650,12270,15820,10570,5800,3970,3750,4240,4640,4850,4620,980,3260,11080
94,Israel,960,950,820,760,880,940,1190,1000,1060,880,1090,910,900,980,1020,1000,1030,1040,1030,1150,1070,1240,1460,1320,1030,1040,980,1230,1000,680,690,680,680,660,600,660,830,700,690,850,270,400,710
95,Italy,4210,4310,2620,2200,2400,2850,2570,2710,2710,2530,2110,1710,1780,1830,2000,2040,1960,1810,1650,1560,1750,1890,1690,1810,2250,2250,2560,2590,2840,2390,2850,4030,6160,6310,5540,4820,4330,3670,3600,3750,480,1790,4310
96,Jamaica,40,20,20,40,60,40,30,30,20,30,30,20,30,20,40,10,30,30,20,10,30,50,30,60,40,20,30,30,50,50,90,60,90,60,70,60,80,60,60,60,30,40,80
97,Japan,2240,2980,2930,3200,3250,3760,4130,4930,6080,6950,8090,8500,8910,8930,9750,10270,10170,10800,10380,10230,10930,21200,24810,19030,11900,10920,10370,10640,10230,6290,6270,6320,6330,6180,6230,6690,6500,5990,5950,4410,1480,4810,9090
98,Jordan,40,60,60,110,120,160,280,340,260,240,280,440,600,320,340,630,580,440,520,590,790,700,910,1030,820,1190,980,760,1230,420,390,440,550,480,500,630,720,610,550,560,210,450,600
99,Kazakhstan,0,0,0,0,0,0,0,0,0,0,0,0,0,10,40,30,70,70,70,50,50,70,80,80,50,80,80,100,120,160,170,220,210,180,210,180,210,200,190,220,60,210,280
100,Kenya,190,180,200,250,260,260,200,190,310,280,320,410,440,350,520,670,560,610,850,800,1010,1440,1810,2690,2760,2370,2180,1800,2030,1210,890,960,1070,1170,1390,1560,2150,1710,1730,1370,270,2110,4820
101,Kiribati,0,0,0,0,0,0,0,0,0,0,0,60,80,70,90,150,110,100,80,60,60,70,90,50,90,100,70,90,70,80,40,50,50,40,40,40,70,120,90,180,220,240,690
102,Kuwait,60,50,90,80,140,160,130,230,240,190,200,120,300,190,190,220,200,230,200,220,200,270,230,290,220,220,260,270,400,510,570,700,560,510,480,490,540,510,460,450,200,490,560
103,Kyrgyzstan,0,0,0,0,0,0,0,0,0,0,0,0,0,0,0,10,10,10,10,20,20,10,30,50,30,30,20,50,70,40,50,30,40,40,40,50,50,40,60,40,10,50,90
104,Laos,10,20,20,20,30,20,10,40,40,50,70,90,150,140,190,240,220,220,210,190,250,250,250,230,170,170,220,220,320,320,440,340,270,310,300,320,340,370,340,430,40,370,700
105,Latvia,0,0,0,0,0,0,0,0,0,0,0,10,50,40,60,30,60,60,50,50,70,70,80,100,50,90,60,60,80,220,200,200,210,170,160,120,150,90,110,110,20,90,90
106,Lebanon,1240,1350,1440,1410,3110,3000,3720,5060,4070,2900,3270,2820,1860,2130,2480,2730,2760,2490,2490,2380,2970,2770,2600,3000,2840,2710,3110,2500,10450,1960,1870,2080,2130,2060,2120,1770,2090,2030,2030,2240,1250,2230,2070
107,Lesotho,10,10,20,10,10,20,10,10,10,10,10,10,10,20,20,20,20,0,0,0,10,10,30,20,10,10,10,10,10,10,10,20,10,20,10,0,10,10,10,10,0,10,10
108,Liberia,0,0,10,10,0,10,10,0,20,10,0,0,0,0,0,0,0,0,0,0,0,0,10,0,0,0,20,30,50,340,110,170,130,160,90,100,140,80,50,40,40,80,100
109,Libya,70,80,70,60,50,40,20,30,30,20,20,20,10,20,20,20,30,20,20,20,10,50,20,50,40,30,60,100,220,500,690,160,160,80,90,80,70,80,80,50,20,50,90
110,Liechtenstein,0,0,0,0,0,0,0,0,0,0,0,0,0,0,0,0,0,0,0,0,0,0,0,0,0,0,0,0,10,0,0,0,0,0,0,0,0,0,0,0,0,0,0
111,Lithuania,0,0,0,0,0,0,0,0,0,0,10,0,20,40,20,20,30,10,20,20,30,50,60,70,40,40,40,40,80,200,230,270,290,270,280,310,340,310,280,210,50,190,320
112,Luxembourg,10,20,40,10,0,20,20,20,20,10,20,10,10,20,30,30,30,10,20,10,20,30,30,30,40,20,40,40,30,20,30,20,20,20,20,30,40,20,30,30,20,10,30
113,Macao,40,80,60,50,80,120,90,110,140,120,150,210,220,210,220,310,330,320,330,310,330,310,320,320,170,190,190,240,330,260,260,180,200,190,260,270,270,200,250,160,20,300,230
114,Madagascar,0,0,10,0,110,0,10,30,220,0,0,0,0,0,0,10,0,0,10,10,20,10,0,10,10,10,10,10,20,20,20,10,20,10,10,30,20,30,40,30,10,10,30
115,Malawi,20,30,40,40,30,50,30,40,30,40,50,40,30,50,50,40,60,30,40,20,20,50,100,110,150,90,150,290,110,70,100,130,110,110,70,100,80,70,180,80,20,110,90
116,Malaysia,12390,14420,12820,12330,11690,11100,10620,12320,14160,13160,12240,10340,8650,8430,8780,9550,10890,10740,9420,9160,10900,12520,14810,16880,12540,13130,13890,13540,14950,12300,12060,11940,11940,11710,13890,19260,20140,19050,14020,10550,1970,7470,9420
117,Maldives,0,20,10,0,0,0,10,10,10,20,20,50,70,60,80,100,100,180,130,140,110,120,130,180,140,90,80,100,140,100,100,90,110,110,120,80,80,70,70,110,10,70,120
118,Mali,0,0,0,0,0,0,0,0,20,0,0,0,0,0,0,0,10,0,0,0,0,0,0,0,0,10,0,10,20,10,0,10,10,0,10,0,10,0,0,10,0,0,10
119,Malta,1220,1850,880,610,660,820,800,680,530,370,310,280,310,270,340,380,340,280,300,210,190,170,230,250,290,250,250,230,250,160,210,170,180,120,110,120,130,140,130,130,40,60,120
120,Martinique,0,0,0,0,0,0,0,0,0,0,0,0,0,0,0,0,0,0,0,0,0,0,0,0,0,0,10,0,0,10,10,10,10,10,10,10,10,0,10,10,0,0,0
121,Mauritania,0,0,0,0,0,10,0,0,10,0,0,0,0,0,0,0,0,10,0,10,10,120,30,10,0,40,30,100,150,0,0,0,0,0,10,0,10,0,0,0,0,0,0
122,Mauritius,270,240,210,450,480,540,930,2270,1210,290,340,380,360,270,240,280,350,280,410,490,680,720,840,1010,780,850,1200,1660,3160,1020,620,750,800,810,860,910,870,730,880,760,80,720,1020
123,Mayotte,0,0,0,0,0,0,0,0,0,0,0,0,0,0,0,0,0,0,0,0,0,0,0,0,0,0,0,0,0,0,0,0,0,0,0,0,0,0,0,0,0,0,10
124,Mexico,70,120,110,110,420,210,170,460,380,340,270,240,120,150,110,170,150,160,160,160,180,240,370,410,400,380,470,490,610,630,680,730,700,710,690,860,850,890,980,900,160,640,1600
125,Micronesia,0,0,0,0,0,0,0,0,0,0,0,10,10,10,20,20,10,20,10,10,10,20,10,20,10,30,20,10,10,10,0,10,10,10,10,0,0,0,0,0,0,0,0
126,Monaco,0,0,10,0,0,10,0,0,0,0,0,10,10,0,0,30,0,10,0,0,0,10,10,0,10,10,20,20,20,10,10,10,10,10,10,20,10,10,10,10,10,10,20
127,Mongolia,0,0,0,0,10,0,0,0,0,0,0,0,0,0,20,50,40,40,50,40,40,60,50,80,130,130,100,150,240,210,230,240,300,480,770,1040,1300,1560,2050,990,50,910,6120
128,Montserrat,0,0,0,0,0,0,0,0,0,0,0,0,0,0,0,0,0,0,0,0,0,0,0,0,0,0,0,0,10,0,0,0,0,0,0,0,0,0,0,0,0,0,0
129,Morocco,20,20,20,30,40,30,10,20,40,30,30,30,30,20,30,40,30,20,40,30,30,40,40,60,50,50,70,80,60,100,150,110,180,150,180,160,170,160,170,200,60,140,200
130,Mozambique,10,0,0,0,0,0,0,10,10,0,30,20,30,20,10,40,30,50,30,30,50,80,60,90,70,60,50,70,100,60,60,80,60,60,50,40,50,50,60,50,10,30,70
131,Myanmar,110,70,120,100,150,130,170,220,260,200,120,140,150,320,580,580,360,290,190,260,220,280,260,260,310,320,450,610,620,2330,1530,2190,2480,2050,2240,2240,1940,1960,2900,2200,370,1760,2400
132,Namibia,0,0,0,0,0,0,0,0,0,0,0,20,30,30,40,40,50,50,30,50,40,60,60,90,50,70,50,80,70,80,100,90,100,60,60,80,80,70,90,100,30,80,170
133,Nauru,110,120,110,100,110,90,60,90,50,70,70,100,140,80,110,100,100,80,50,50,60,60,170,60,220,110,150,70,280,30,20,30,40,30,50,40,40,40,100,90,10,70,140
134,Nepal,50,60,40,50,70,80,80,140,130,100,130,180,210,150,300,480,510,390,430,440,570,520,510,460,580,780,1890,6700,10720,3370,1760,2790,3980,8140,7270,8800,15800,22070,25470,15910,540,23630,29300
135,Netherlands,2700,3330,3460,1680,1210,1380,1440,1360,1360,1330,1340,1170,1260,1330,1520,1710,1670,1720,1880,2230,2360,2250,2080,2330,1900,1870,1980,1940,2030,1910,2130,1970,1890,1660,1770,1880,2230,1830,1630,1750,460,840,1540
136,New Caledonia,160,150,210,140,130,170,190,180,180,200,180,180,180,170,190,220,250,230,240,320,260,300,300,260,630,490,450,470,490,220,170,130,130,110,150,130,160,120,130,100,40,100,120
137,New Zealand,34370,34440,23920,13620,16900,27070,31240,31610,43960,34060,21670,16680,16410,16140,19530,23400,25600,28120,32500,40200,47230,45570,29500,28000,40710,44680,45550,39120,46960,31580,43430,48220,41500,28440,23300,24220,22660,21270,20960,15640,12000,16280,27510
138,Nicaragua,0,0,0,10,0,0,30,20,10,40,20,20,10,0,20,10,40,10,0,10,10,10,0,10,10,10,20,20,20,20,30,30,40,30,20,30,20,20,30,20,10,20,20
139,Niger,10,20,40,30,10,40,20,30,40,30,50,20,20,20,30,40,30,30,30,20,30,20,10,10,10,0,20,10,50,10,10,10,10,10,10,0,10,0,10,10,10,0,0
140,Nigeria,150,140,140,90,110,90,130,130,110,90,140,160,160,120,130,110,90,70,120,130,120,220,160,170,180,220,290,290,360,630,580,630,850,1040,1210,1620,1850,1310,1260,1130,330,1850,2650
141,Niue,0,0,0,0,0,0,0,0,0,0,0,0,0,0,0,10,0,10,10,10,0,0,10,0,20,10,10,10,10,80,60,60,70,50,40,50,40,40,30,30,30,30,40
142,North Korea,0,0,0,0,0,0,0,0,0,0,0,0,0,0,10,0,0,0,0,0,0,0,0,10,0,0,0,0,0,80,70,70,70,90,110,90,90,90,70,80,20,40,50
143,Northern Mariana Islands,0,0,0,0,0,0,0,0,0,0,0,0,0,0,0,0,0,0,0,0,0,0,0,0,0,0,0,0,10,0,0,0,0,0,0,0,0,0,0,10,0,0,0
144,Norway,170,190,210,180,150,190,200,200,280,310,310,260,200,180,230,300,410,620,940,1450,2020,2660,2610,2420,1280,890,840,780,800,700,710,620,540,510,440,460,430,480,380,330,90,310,380
145,Oman,20,20,30,60,40,30,60,80,70,100,70,80,90,120,190,150,150,140,140,140,200,290,460,750,440,320,300,350,430,250,180,210,250,280,390,480,390,300,220,160,80,210,230
146,Pakistan,290,420,280,350,460,950,1010,890,1020,1170,810,1250,1110,920,930,1500,1510,1540,1810,1860,2050,1770,1860,2570,2540,3360,4580,7030,6450,4430,4860,6190,7320,8240,8570,8220,8730,9650,9430,8900,2210,9520,18990
147,Palau,0,0,0,0,0,0,0,0,0,0,0,0,10,0,10,10,10,10,10,10,10,10,10,10,20,20,0,10,10,0,20,0,0,0,0,10,0,0,0,0,0,0,0
148,Panama,20,10,10,0,10,20,0,0,10,0,0,10,0,0,0,10,10,10,10,20,10,0,10,10,10,20,10,20,30,30,30,20,30,30,20,30,20,10,30,40,10,30,30
149,Paraguay,0,0,10,0,20,10,20,0,20,10,20,0,10,10,0,20,20,20,20,20,20,10,20,10,10,20,10,10,20,30,20,20,20,20,20,20,80,40,50,60,10,60,100
150,Peru,190,160,130,140,140,140,240,340,310,270,340,380,330,250,240,220,200,150,130,190,200,220,220,310,300,460,580,860,1050,730,540,570,600,480,510,500,580,700,750,890,110,600,2210
151,Philippines,3610,4050,4430,4510,4010,4700,5720,9870,11510,8060,7410,7740,6230,5080,5720,5470,3990,4330,4580,4910,4750,4650,5290,5460,7160,8070,10040,11160,13760,12520,13240,16910,17010,15890,15780,16430,17120,16370,22780,19460,3910,17360,45040
152,Poland,310,630,1070,950,860,850,790,1100,1280,1160,1490,1970,1690,910,940,910,880,670,580,580,610,730,930,1010,1100,910,950,880,890,1260,1210,1330,1410,1340,1380,1380,1490,1250,1170,1090,340,690,1110
153,Portugal,550,1710,1630,1300,1320,1690,1500,1870,1510,1240,1170,960,960,510,530,690,490,400,270,230,190,230,290,320,360,350,320,340,390,380,420,560,700,550,440,480,430,390,320,390,120,240,430
154,Puerto Rico,0,0,0,0,0,0,0,0,0,0,0,0,0,0,0,0,0,0,0,0,0,0,0,0,10,10,10,0,10,20,10,10,30,20,20,20,30,30,20,30,0,10,30
155,Qatar,0,30,20,50,20,40,40,30,50,40,30,30,30,40,40,90,40,60,70,50,60,110,210,400,260,250,310,340,330,90,70,110,110,120,130,170,190,260,270,200,110,210,390
156,Romania,180,240,230,240,270,270,340,350,620,700,720,490,470,400,420,410,480,440,330,400,350,410,370,390,360,340,300,310,290,610,520,610,620,580,490,460,440,410,380,420,130,270,370
157,Rwanda,0,0,0,0,0,0,0,0,0,0,0,0,0,0,0,10,0,10,0,0,10,10,0,20,10,0,50,40,20,150,100,90,70,80,80,70,60,60,110,60,10,50,60
158,Samoa,150,120,160,110,160,190,200,210,390,250,280,360,340,330,380,390,400,350,360,280,270,320,280,280,420,320,410,330,460,1460,2020,2590,3220,2450,2210,2440,2580,2300,2190,2280,1690,3470,3040
159,Saudi Arabia,150,210,210,350,300,290,310,350,400,420,660,480,640,800,1230,1130,1150,940,520,600,560,680,740,980,750,1010,1210,2490,4430,3160,2890,2750,2800,3210,2810,2520,2440,2580,3910,2250,370,1920,2650
160,Senegal,20,0,10,0,0,0,0,10,0,10,0,0,0,0,0,10,0,20,10,10,10,0,20,10,0,10,20,70,90,20,20,20,20,20,20,20,20,30,20,30,10,20,30
161,Seychelles,50,60,80,80,100,60,130,170,190,120,70,80,60,70,90,100,90,100,100,80,80,110,140,150,110,150,100,110,100,70,70,60,50,60,40,40,50,20,40,30,20,30,30
162,Sierra Leone,0,0,10,0,0,10,20,20,10,10,10,0,10,10,10,20,0,0,0,0,0,10,10,10,20,50,110,100,90,440,160,180,150,150,80,70,140,190,60,70,50,140,100
163,Singapore,2850,3560,2950,2940,2910,2920,3250,4640,5330,5120,4870,5420,5810,6290,7250,9010,9390,9580,10150,10980,12080,15390,17310,16020,16340,17520,19350,16990,18080,6230,6540,6930,6810,5330,5570,5470,5920,5000,4740,3660,1580,4750,4460
164,Slovakia,0,0,0,0,0,0,0,0,0,0,0,0,0,0,30,80,90,140,90,110,150,220,310,410,360,260,270,260,220,270,290,340,430,400,400,350,370,300,280,250,40,150,280
165,Slovenia,0,0,0,0,0,0,0,0,0,0,0,0,20,120,150,150,90,90,120,130,180,240,220,140,80,130,140,120,130,110,130,140,170,150,170,150,140,110,110,100,30,50,60
166,Solomon Islands,210,220,250,220,230,230,310,320,290,310,330,330,340,310,360,340,310,270,270,230,230,130,160,150,310,250,250,290,250,170,220,220,230,150,180,170,170,200,190,400,1070,2310,1660
167,Somalia,0,0,10,20,10,10,20,10,30,20,20,60,100,170,260,250,210,220,360,150,40,30,30,30,30,30,20,30,60,760,620,640,590,760,630,730,430,360,330,250,200,320,370
168,South Africa,3890,4200,4160,3310,2310,3310,5640,5190,4350,3110,2830,2280,2140,2160,4020,4710,5100,6490,8260,9630,9180,10590,8850,9890,7090,7900,7970,8790,13450,8280,8550,9230,7730,6240,5920,6440,7840,6930,8070,7890,3780,6750,10590
169,South Korea,390,620,1030,870,880,1180,1800,2310,2330,2670,2690,2980,3440,3180,3680,4280,5670,6360,5570,4950,5630,7420,8650,9640,10210,11670,13950,15390,17240,14760,13850,14370,14560,12780,12360,12310,12230,11340,10030,6590,1120,6350,9900
170,Spain,930,1480,1460,690,600,820,870,770,690,620,610,520,650,750,720,660,660,650,590,530,650,690,790,750,1000,950,1010,1130,1400,820,1100,1490,1700,1550,1540,1650,1830,1970,2050,2330,340,1030,2850
171,Sri Lanka,410,510,580,740,2680,1640,2050,2620,2830,1860,3310,2930,2710,1620,2310,2760,2250,2240,1970,2130,2660,2870,3210,3050,2590,3410,4330,5620,6820,6230,5240,6020,6630,5680,5910,6240,7330,7500,9070,9370,1580,8170,14710
172,Sudan,20,40,60,40,50,80,110,50,80,120,90,90,110,320,450,670,400,430,470,450,440,360,220,340,600,300,480,500,360,860,830,650,670,590,560,520,580,540,390,480,270,360,620
173,Suriname,0,0,0,0,0,0,0,10,0,0,0,0,0,0,0,0,0,0,0,10,0,0,0,0,0,10,0,10,10,10,10,10,20,10,10,0,10,0,0,10,0,0,10
174,Sweden,550,580,610,410,480,470,640,880,1030,1030,1170,1020,880,870,830,980,1050,1090,1180,1480,1630,1890,1880,1760,1360,1270,1350,1430,1440,1320,1440,1350,1450,1420,1350,1360,1190,1150,1050,910,290,520,850
175,Switzerland,1000,1210,1410,1100,880,950,1020,1010,1350,1290,1170,1240,1190,1180,1260,1430,1450,1400,1320,1430,1490,1880,1760,1580,1240,1270,1140,1200,1310,900,990,840,810,670,700,700,740,690,650,650,280,440,640
176,Taiwan,220,270,310,270,390,520,1010,1350,1770,2920,3770,4590,3750,2800,3090,3940,4850,4900,4770,4790,5080,5240,5110,4810,3410,3290,3350,3580,4550,4990,6290,9010,13350,11810,11020,10530,10350,10440,8340,5180,710,4680,10200
177,Tajikistan,0,0,0,0,0,0,0,0,0,0,0,0,0,0,0,0,0,0,0,0,10,0,0,10,0,0,10,10,10,20,20,20,10,20,20,10,10,10,20,10,0,10,20
178,Thailand,4730,5300,4230,6790,3530,3100,3280,4250,4480,5240,5020,3960,3300,2920,3600,3960,4110,4090,3960,4290,5070,6970,7690,7900,7630,8370,9990,11750,13350,6780,5380,5770,6970,8260,8560,8710,8460,6430,7370,6030,1300,9080,16170
179,Timor-Leste,0,0,0,0,0,0,0,0,0,0,0,0,0,0,0,0,0,0,0,0,50,170,200,180,280,170,970,450,370,150,140,180,150,170,120,120,110,100,160,1310,200,830,2010
180,Togo,0,0,0,0,0,0,0,0,0,0,0,0,0,0,0,0,0,0,0,0,0,0,0,0,0,0,10,0,30,60,50,20,20,20,10,10,10,10,10,10,0,10,10
181,Tokelau,0,0,0,0,0,0,0,0,0,0,0,0,10,0,0,0,0,10,0,0,10,0,0,0,10,10,30,10,20,60,70,80,70,40,60,40,50,30,50,30,10,20,60
182,Tonga,130,290,300,200,250,250,310,300,460,360,330,340,470,400,370,420,480,350,270,300,320,310,270,260,330,330,350,390,640,680,840,890,740,870,710,700,730,850,1080,2800,2190,1780,2330
183,Tunisia,0,0,0,0,0,0,10,20,20,0,0,0,10,0,20,10,10,10,20,10,10,0,30,30,10,0,30,20,10,30,30,40,60,50,50,50,40,50,40,60,20,40,60
184,Turkey,1500,1390,870,930,1320,1690,1990,2220,2330,2200,1930,2210,2880,1770,2050,2500,2260,2030,1820,2050,1900,1890,2470,2490,1850,1720,1690,1860,2080,1470,1340,1180,1210,1120,1030,1340,1780,1630,1710,1770,530,1260,3340
185,Turkmenistan,0,0,0,0,0,0,0,0,0,0,0,0,0,0,0,0,0,0,0,0,0,10,0,0,0,0,0,0,0,10,0,10,10,10,10,10,10,10,10,10,0,10,10
186,Tuvalu,10,30,30,40,20,30,40,40,40,40,50,20,20,20,10,10,30,0,30,40,30,10,20,20,30,20,20,20,10,20,10,30,20,30,30,10,20,30,50,60,0,30,90
187,Uganda,40,30,30,20,20,30,10,20,20,30,20,40,40,40,70,60,50,60,40,50,60,140,270,420,770,670,930,820,460,240,240,180,200,220,250,240,240,260,230,250,50,220,310
188,Ukraine,0,0,0,0,0,0,0,0,0,0,0,0,550,480,810,570,570,530,330,310,240,290,310,290,360,420,360,410,420,590,620,730,730,750,810,690,730,670,690,580,240,3770,1680
189,United Kingdom,43540,57050,51730,31660,25150,27630,35910,38980,45550,44620,45860,42820,36580,34720,36180,39040,40540,42010,42700,49310,51000,52940,57330,70150,53140,53300,57250,61490,65160,42100,45750,50610,46250,37190,33920,32790,33080,29740,29300,27670,9850,17500,32070
190,Uruguay,310,280,220,170,390,280,300,260,230,220,180,270,220,150,130,160,160,130,70,110,110,100,140,140,80,110,90,90,100,80,100,130,100,110,130,130,200,220,340,260,40,240,490
191,USA,10470,12080,12490,11110,11840,12480,12600,13140,13720,14410,14300,13810,13290,13260,15020,16450,16440,16760,18300,18740,18030,19230,18950,18980,18540,18490,17320,19260,20860,12740,13350,15460,14650,11880,11620,11460,11880,10940,10670,10360,4650,6400,9040
192,Uzbekistan,0,0,0,0,0,0,0,0,0,0,0,0,0,20,30,40,50,30,30,40,30,30,50,70,80,70,60,80,110,90,90,120,120,110,130,130,130,140,140,140,20,140,230
193,Vanuatu,150,140,170,140,170,170,180,230,210,210,240,220,280,210,230,190,190,190,190,130,140,170,160,150,400,350,390,400,400,140,110,130,140,80,80,110,110,110,300,2580,2810,2630,2750
194,Venezuela,90,70,70,80,60,80,90,80,70,50,80,70,50,60,90,80,120,130,100,100,110,120,130,130,130,180,160,160,250,650,640,570,530,510,720,850,780,360,340,460,110,250,760
195,Wallis and Futuna Islands,0,0,0,0,0,0,0,0,0,0,0,0,0,0,0,0,0,0,0,0,0,0,0,0,10,0,0,0,0,10,10,10,10,0,0,0,0,0,0,0,0,0,0
196,Western Sahara,0,0,0,0,0,0,0,0,0,0,0,0,0,0,0,0,0,0,0,0,0,0,0,0,0,0,0,0,0,0,0,0,0,0,0,0,0,0,0,0,0,0,0
197,Yemen,10,0,0,10,20,10,0,0,0,0,20,10,0,10,10,0,0,10,20,20,20,60,40,150,40,20,10,40,40,30,20,20,30,30,30,60,80,100,110,60,30,70,140
198,Zambia,150,110,120,180,130,170,110,170,150,180,210,210,150,130,150,100,130,90,80,60,100,190,260,430,370,240,410,410,400,390,360,350,410,310,250,250,240,190,220,280,120,320,500
199,Zimbabwe,630,1120,1190,980,640,500,470,440,450,670,750,540,360,370,360,290,340,320,330,510,910,1500,1670,2330,1790,1560,1880,2180,2270,1850,1560,1840,1650,1380,1380,1540,1590,1370,1570,1470,580,1500,3040
